"textEmbedding","resposta"
"Ciroc so perfect ??",1
"6 bottles of wine, 5 appetizers, 4 hours of distill, 3 bathroom breaks, 2 bug bites, 1 psych rotation #2/3nurse",1
"Ibuprofen, water and a taco for after beer foods #always #idontfuckaround #goodbye",1
"#mention turn it into a drinking game and Im down",0
"Wine would make everything all better.",0
"Bree is drunk. I am drunk",1
"Also hidden in donuts and beer. MT #mention: Death by sugar. #url  #media",0
"So lets just stay in the moment, smoke some weed, drink some wine",1
"I think my hangover just woke up",0
"#mention I sent you a birthday snap!  Ill drink a beer for you tonight!",0
"#mention: \"Drinking a beer in the shower is the best damn thing ever.. Ever. Ever Ever. #drunk\" - EC GAa?? #mention",1
"4 more days until BAJA BLAST comes out in bottles!! Am I the only one psyched about this?",0
"might get faded and walk to pub tonight",0
"Beer clock. bellsbrewery #twohearted @ Red Dove Tavern #url",1
"After all my finals are done, I dont care if I have to do it alone.. Im getting wasted. ??",0
"#mention OMG I lovee tequila. Youre right, I gotta do those!",0
"Drinking a Shock Top Raspberry Wheat by #mention @ RBI Sports Pub a?\" #url #photo",1
"#BestBusker brews! @ Victoire Belgian Beer Bar #url",1
"Drinking a Highland Lager by #mention at @rohrbachs a?\" #url",1
"A little R&amp;R - Drinking a Hop Sun by #mention @ Crowne Plaza Bar &amp; Lounge  a?\" #url",1
"Rochester Day 10: Seneca Park Zoo, Red Robin, Shopping, visit to Eduardos work place, beer and of course #BabyNEP",1
"Spend so much money at the bar last night ??????",0
"Seriously all I want is a movie and a cheap bottle of wine and I will rock ur world when we get home",0
"My idea of a personal bottle are the regular sized bottles ?",0
"I could really use a vodka and crans hold the crans",0
"Rum flights! #bestbusker (@ Havana Cabana w/ #mention) #url",1
"Cheesecake and beer! ????",1
"#mention thank god I will be home tomorrow with a bottle of Malibu ? maybe kinks will join",0
"Wish I was drunk",0
"Drinking a Scotch Ale by #mention @ OTB / Rubinos Sports Bar a?\" #url",1
"Just found a bottle of wine in my wine purse that I got for Christmas!! #merrychristmastome ??????",0
"#mention Yessir. Positive attitude and alcohol will get us there.",0
"Why yes I would like some fireball whiskey. #myfavorite ?",1
"With the amount of money Ive spent on alcohol in my college career, I probably couldve bought a brand new car lol #realtalk",0
"@whaddup_breezy: Tbt to when #mention picked us up from a bar and left #mention on the side of the road #mentiona?? but actually ???",0
"my dad made me take a shot of juss straight henny ?? memories boy.",0
"All the rum last night got me dragging ass this morning",0
"@NicholasColilli  mom gave me the key to the wine you know what that means..",1
"#mention #mention #mention I only accept apologies in forms of a case of beer",0
"Never drinking on a work night again the hangover was real",0
"im tryna get drunk off some henny but nobody with it",1
"#mention yea Ill be home by then, Im drinking my beer &amp; aint no one telling me shit lol",1
"Me and em go to talk to our Spanish teacher and she tells us we still wreak of alcohol lmao #ok",0
"Beer-Olympics next Friday at my house, teams of 4 2 guys 2 girls, start at 6:30 events TBA. First 12 teams are in, so get it while you can!",0
"Got my 8 miles in this afternoon so I can celebrate @czuccolotto all weekend! #bachelorette #tequila #ilovecourtney #media",0
"Kendall Day before the wedding, wedding reception with open bar, then after party downtown. Holy shit tomorrow is going to kick ass.",0
"Just discovered an empty beer bottle in my glove compartment. I cant even be mad because I cant rule myself out from the suspect pool.",0
"Gotta start a series with Oakland tonight. This could be a rather booze-fueled weekend. #RedSox",0
"Im trynna get drunk tonight",0
"Who needs quad party when were hardcore partying on this 7 hour bus ride. #lol",1
"Definite Irish whiskey ban when we play out tonight!!",0
"Drinking  The Waldos Special Ale (AKA Waldos 420) by #mention @ Acme Bar &amp; Pizza a?\" #url",1
"No - Drinking a HeBrew Funky Jewbelation (2014) by #mention @ MacGregors Grill &amp; Tap Room  a?\" #url",1
"Wine reception ? (@ Inn at the Finger Lakes) #url",1
"#YUPROC happy hour! (@ Abilene Bar &amp; Lounge) #url",1
"I just wanna get drunk rn",0
"Gatorade &amp; vodka, dont mind if I do? drinks with my love #mention #media",1
"#mention #mention Oh yeah! Well tell you over a beer. ;)",0
"Maricels trying to kill me by feeding me a shot thats 46% alcohol ??",1
"Cause the bottles always there when I have no where to turn",0
":) nom nom @ Victoire Belgian Beer Bar #url",1
"#mention Im going to Toronto! Ill be turnt up there haha. Have fun this weekend!",0
"Sex all night couple shots of ciroc",0
".#mention hey give the guy in 105 his own mic and give us beer #302",1
"That competition was literally THE worst.  I need a beer, a shower, and a lot of sleep. ? (@ CrossFit Shockwave) #url",0
"Pouring myself a glass of wine and putting on a movie #perfection ???",1
"Cramps, Beasties, and Bonzo Goes to Bitburgh. Beer. (@ Skylark Lounge w/ 2 others) #url",1
"Getting drunk instead of studying.. Again",1
"Drinking a Hopslam (2014) by #mention @ Dragon Bar a?\" #url",1
"Im too turnt up its finna go down baby",1
"#mention ? blame it on the alcohol. Lol but that video is great",1
"Drinking wine in the shower? Well see",0
"I just want my alcohol",0
"#mention I dont do much light liquor unless I gotta",1
"Pretty sure I just lost a $500 pair of earrings but Im drunk so Im gonna choose to not worry about it rn",1
"Hanging out and drinking beer with #mention just like old times. #bestiesreunited #beerup",1
"I need my daily dose of beer this fine night ??",1
"lights off, wine poured, #Hannibal on. #WrapYourWilly time is now.",1
"Liquor dont even faze me like it used to thou",1
"My idea of a perfect night would be getting drunk and singing karaoke in my underwear. #yolo",0
"BAR CRAWL FINE (@ Harrys w/ #mention #mention #mention @jensteverson @beccacast) #url",1
"Im tipsy; (",1
"I wonder whose arms I would run and fall into if I were drunk in a room with everyone I have ever loved",0
"A whisky toast! #irishmanWhisky #media",1
"#mention: Drunk sex a be it right now??????a??",0
"Just did a shot to #mention for being my spirit guide! #love #mention???",1
"Fuck it. Get drunk.",0
"Who says no to free beer?",1
"@K_M_Wx2 drunk dr webb and pitonzo???",1
"Way too drunk .. I need to stop",1
"#mention oo! Im drunk! I can ramble like a champ!",1
"@FOTOPRAYERS Blunts&amp;Lean",1
"@K_M_Wx2 just wait til 3 were getting drunk again",0
"@SuthodYoung Im just drinking a beer while her and Leah watch. God damn",1
"I can see #WhyYouMad :) (@ Woodys Jerkwater Pub) #url #media",1
"Im at Woodys Jerkwater Pub (Syracuse, NY) w/ 2 others #url",1
"Late night drunk showers be the best lol",1
"Im getting drunk Im not stressin no more",1
"#StruggleBus is here! (@ Winton Bar And Grill) #url",1
"started off lookin for a party &amp; ended up makin our own ?",1
"If I get to Yankee stadium this season, which one of yall is buying me beer? Ill buy one round.",0
"Drunk. #Success",1
"Since Im too drunk to look for other #FursuitFriday pics, Im just going to fap to #mention most recent pic :)",1
"Ciroc in my cup,",1
"Just going to pause for a minute of silence for the fact that I peed on Alyssa and Emilys floor last night, I was literally piss drunk ???",0
"Already spilled alcohol on myself and its 9:13 am ?",1
"#mention  #jollyranchershots ?#mention: When you drink alcohol #mediaa??",1
"I always get drunk or high the day before I babysit at 6am lol. Im paying for it yo!!",0
"I need to stop texting this guy when I get drunk. I be in my feelings , telling him the truth and shit lol",0
"Where my mind goes when Im drunk I really just dont know ?",1
"Todays my sherry party!!",1
"Update: Everyone on 3rd floor Shea is still asleep. Me and #mention are 3 tequila shots deep. #SpringFling",1
"Party hard party hard",0
"Still drunk ?",1
"Why the fuck isnt it \"lets get drunk and go swimming in the fountain\" weather. ?",0
"So what happened to my RA promising to buy all our alcohol the last week of school? #fraud",0
"Party at melissas in 100 days",0
"How long until I can have a cocktail?",0
"On graduation night imma be drunk as a bitch with my best bitch Resa ?",0
"Ms pub crawl - Drinking a Miller Lite by #mention at @brickwoodgrill  a?\" #url",1
"All my work from this semester. So glad its over. CMDone! #magazine #fragrance #beer #review @ Thea?| #url",0
"Beer run! (@ Victor Brewing) #url",1
"Ms pub crawl - Drinking a Too Kind by @3headsbrewing at @ocallaghanpub  a?\" #url",1
"#BeersOfTheWorld #Beer More than 100 varieties of beers from across the world #Rochester #NewYorka?| #url",1
"Scary (@ OTB / Rubinos Sports Bar w/ 2 others) #url",1
"I take a nap in #mentions bed, and he wakes me up with a towel for a shower, coffee, and alcohol #bestfriend #sherryparty2014",1
"And spark pie - Drinking a Budweiser Black Crown by #mention @ Eye Hub  a?\" #url #photo",1
"Wine tasting adventures in the Finger Lakes in NY. @ Damiani Wine Cellars #url",1
"I wanna do something after work preferably involving alcohol #getatme",0
"Im at Half Pint Pub (Rochester, NY) #url",1
"Drinking a Bud Light by #mention at #mention a?\" #url",1
"I love when my parents randomly find wine in the cabinet for me ?",1
"I cant be getting fucked up like last night !",0
"Can someone explain to me why Im laying on bed alone drinking wine and watching the movie BAbe",1
"Beer and modern family with ma babe",1
"Drinking all the liquor I have, in hopes of not remembering anything ????",1
"After being on the go non stop for the past 48 hour my Saturday evening is gonna consist of wine &amp; a californication marathon",0
"Relaxing - Drinking a Delirium Tremens by #mention @ Angry Goat Pub  a?\" #url #photo",1
"Decent ipa. Those fries were way too spicy. - Drinking a Rebel IPA by #mention @ Good Buddys Pub  a?\" #url",1
"Im a little too drunk way too early",1
"Solid. Very good ipa. An upgrade. Fish N Chips for the entree. - Drinking a Two Hearted Ale @ Good Buddys Pub - #url",1
"Drinking an East India Pale Ale (IPA) by @brooklynbrewery @ Murphs Irondequoit Pub a?\" #url #photo",1
"But I wanna get drunk tonight",0
"When most kids are going to prom Im going dressed up to get fucked up",0
"Dinner! (@ BeauVine Chophouse &amp; Wine Bar - @beauvine1) #url #media",1
"#wine night yaass",0
"Been drunk for way too long considering its 9:30 on a Saturday night.. ???",1
"#mention were drinking whiskey and watching game of thrones lol",1
"Im not hungry but all this food be in front of me and wine so ya know ..",1
"The party has commenced. #Ithaca #IthacaCollege #Cornell (@ Moonshadow Tavern - @mooniesithaca) #url",1
"Not an official pin on the #RCRevival map, but Im sipping a great #sazerac. Roc has a lot to offer cocktail fans. #url",1
"Trata, wine and these girls #perfectnight ?? #mention #mention @ TRATA - The Restaurant Ata?| #url",1
"We successfully determined Im a depressed alcoholic ?",0
"Better than it sounds. - Drinking a Samuel Adams Blueberry Hill Lager by #mention @ mi casa  a?\" #url",1
"solera! #deathintheafternoon #champagnecocktail #local #lovely #happy #fun #goodtimes @ Solera Wine Bar #url",1
"mfs really drunk.",1
"I find myself the funniest person when Im drunk",0
"Im a drunk ass bitch!!",1
"RIT having a party",1
"\"#mention: - Im Drunk As Fuck &amp;My Bottle Gone\"text me bitch",1
"Yum yum - Drinking a Traditional Lager by #mention @ Dave &amp; Busters  a?\" #url #photo",1
"Salt, tequila, lime is still my fave thing!",0
"Beer runs rite through me I gott piss again already",1
"I passed put at like 9 cuz I was too drunk and I was woken up too early.. So anybody tryna drink?",0
"the timeline going crazy over this mayweather/maidana fight, wish this damn bar had it on. ?",1
"Awesome!! - Drinking a Wittekerke by #mention @ World Of Beer  a?\" #url #photo",1
"Beerpong is still a thing?",0
"This is the longest hangover of my life",0
"Im so good at flip cup &amp; this is my first time playing! Hollaa.",1
"#mention  &amp; Ill buy a bottle of tanqueray and we will have jolly old time ??????",0
"Drunk texted my mom at 3am.. #lol #feelinthelove #media",0
"I am never drunk enough to forget my shoes or my money, Ill fucking tell you that. #StopBlamingVodkaForYourHopelessness #mention",1
"kombucha does wonders for a hangover",0
"The only thing thats going to fuck me up more than the alcohol I ingested this weekend is the physics final tomorrow",0
"Wine Cheese Wine #perfectcombo",1
"Dont understand how rock stars can function with a hangover. Oh my god I just want to crawl into bed and sleep for the rest of my life",0
"Wine tourin with this one ?? @ Seneca Lake Wine Trail #url",1
"I hope its a fire party going on after fowler prom ?",0
"This place is cool as hell. Nice bar. - Drinking a West Coast IPA by #mention @ Good Buddys Pub  a?\" #url",1
"The rolling hills of Naples are doing wonders for my hangover right now",0
"I wish wine tasting in Fairport, NY was the same as wine tasting in Tuscany and Rome. Set the bar too high with Tuscany ok",1
"Workin on a hangover ?",1
"Finally watching sharknado. Maybe I should start drinking wine.",0
"I used to be love drunk but now Im hung over",0
"Sunday. Funday. @ We Love The Red Jug Pub #url",1
"Love - Drinking a Flower Power by #mention @ Good Buddys Pub  a?\" #url #photo",1
"Deja Vu - Drinking a Hop Nosh IPA by #mention @ Good Buddys Pub  a?\" #url",1
"Got lost eating burgers drinking beer now #mylife #prettygoodnight (@ Mount Morris) #url",1
"#mention #mention ? drunk Italian splurges!",0
"#mention Winnie told me to drink a bottle of wine and Jen told me to take a shot!!",1
"Getting drunk on a Sunday.",1
"\"@Neisha_Neii3: Yess lawdd,  Im drinking dark liquor lmao\" YEET",1
"Yup (@ Daileys Bar) #url",1
"Im just going to sit here &amp; remember all the good time we had @ the land &amp; all the times we got really drunk &amp; did outrageous shit..",0
"Senior Sunday champagne toast  #comingtoanend #cuse14",1
"#mention: Shorty bought me a shot of henny from across the bar - she wants the D !!a?? Put in work",1
"I cant wait for the party bus . Im bout to see if someone can work for me that day",0
"Drinking a Coors Light Summer Brew by Coors Brewing Company @ My House a?\" #url",1
"CINCO DE MAYO! Turn up",1
"Codeine in my wine glass",1
"My first class doesnt start for 9 minutes and I already feel like getting hammered",0
"theres too much beer in my fridge leaving no room for me to put the milk back on the shelf",0
"#mention lol its cinco de drunko so I thought tequila would be more appropriate ?",1
"Cinco de mayo bitchess #mention #mention #tequila",1
"Oh look, an empty wine glass. Better fix that.. #mondaystinks #itsgoodtobegrown #mention #mention #mention",1
"we gonn have a party",0
"\"#mention: (409): We were all day drunk by 2pm. Now I know why they hate Americans\"~ I feel #mention coulda texted this whilst in Mexico!",0
"I want a drink flask so I can feel fancy drinking wine. ?",0
"Fuck Mexico but lets get drunk anyways.",1
"So much better out of a bottle - Drinking a Dos Equis Special Lager @ Eye Hub - #url #photo",1
"Aaand I love my boyfriend for driving me around Rochester getting me drunk thanks #mention",1
"Drinking a Jack Daniels Berry Punch by Jack Daniels Beverage Co. @ Party City a?\" #url",1
"LOL tequila",1
"Good brew",1
"Im at OCallaghans Pub - @ocallaghanpub (Rochester, NY) #url",1
"Tequila tastes like bad choices. Wouldnt you agree? #mention #cincodemayo #cincodefuckmylife",1
"Whelp happy cinco de mayo I got drunk",1
"\"Id drink a beer now but that means I only have 17 beers for Wednesday!\" -might have a drinking problem",1
"That time #mention and I went to Mexico and had a real \"authentic\" Mexican beer #CincoDeMayo #media",0
"Cinco de Mayo turn up in 5, 4, 3, 2, #DrinkoDeMayo",1
"Good tips = beer money ?",0
"Im at The Red Jug Pub w/ #mention #url",1
"Tequila definitely makes my clothes fall off",1
"#WIDN listening to @Coldplay play live at the Beacon Theatre (thx @SiriusXM!) w/ a glass of wine + #mention #media",1
"faced my fears and jumped In a random river. maybe alcohol had something to do with it but oh well still did it. Now Im FROZEN.",0
"Bar hopped so many times",0
"#mention: wine + chocolate = yesa?? ??",0
"Ordered a tequila sunrise and its nothing like @yachetta_232 s #JustSaying ? olAC",1
"Only thing Ive learned in college is that I have a high tolerance for tequila! ?",0
"I am always drunk in my instagram pictures holy shit hahaha",0
"#mention #mention ..huh, youd think that sometimes a glass of wine would be just the thing at 6 a.m.. Haha! Some bacon and a nice Merlot?",1
"#mention replacement hips soon, can you play beer pong in a nursing home? #wellbetheresoon",0
"#mention: #mention IM 100 % seriousa?? YES HANNAH WERE GONNA FUCKING GET DRUNK OUT OF OUR MINDS",1
"Im ratchet af this morning.. damn vodka",0
"All I know is on our beer run, the peeps came back with Keystone Light. Wtf.",1
"todays my day off from life so im gonna get fucked up to cope with how shitty the world is",0
"I just had to get up and give a speech to everyone last night when I was blackout drunk #DamnItMichael",0
"Somethin bout a beer sittin on ice",1
"Normal People: Cops! Quick, Ditch the beer!  Me and my friends: Cops! Quick, Finish the beer!",0
"Tonight well be in Toronto. Goal #1 go to a bar and hardcore route for the #mention amongst those #mention fans.",0
"Someone needs to come drink a bottle of wine with me right meow",0
"Is this why Im single? #romeo vs #alcohol #media",1
"A little work #happyhour with #sushi and #wine! (@ Next Door by Wegmans - @nextdoorwegmans) #url",1
"Tullamore DEW tasting #mention #tullamoredew #irishwhiskey #whiskey #Syracuse #tullyontour @ Smalla?| #url",1
"Drinking a Third Shift - Amber Lager by Coors Brewing Company @ Eye Hub a?\" #url #photo",1
"Solid alt. Getting a tour now. - Drinking a Brew House DA?sseldorf Altbier at @geneseebrewery - #url #photo",1
"#mention: Being drunk with your best friend is the best kind of drunka?? #mention #mention ????",1
"First night of farewell drinks with #mention #Cheers (@ Acme Bar &amp; Pizza) #url",1
"The binge shall continue ??",1
"Being ignored by the bar staff is great. All I want is a beer.",1
"Im at JoJo Bistro &amp; Wine Bar (Pittsford, NY) #url #media",1
"8:30 pm Im drunk online shopping for lava lamps",1
"Scotch or wine? #veryharddecisions",1
"Oh yeah we won! #trivia #werock #randomknowledge @ Nibsys Pub #url",1
"Mango vodka is making a comeback this weekend. Prepare yourselves #mention @mam4624 @LarixxMix #mention #mention",0
"I. freaking. love. this. beer. - Drinking a Porter by #mention at @donnellysph  a?\" #url",1
"Fuck you Im getting drunk",1
"@GerardyAmber Drankin? Mmm, just discovered Uinta Hop Nosh IPA and Elysian Super Fuzz (Blood Orange Ale). Cana?Tt beat Bushmills whiskey too.",1
"I would drink reds or woodchucks with no intention of getting drunk just cause they taste fuckin delicious",0
"What happens when you get drunk with your Jordanian friend.. #media",1
"Egg whites, chicken breast, spinach, tuna and celery until vacation. Which means NO beer. Lets see how long this lasts ? #yeahokay",0
"Last night was great. But now its time to celebrate our last Catalina Wine Mixer with the greatest people Ive ever met #herestous ?????",1
"Just because were friends when Im drunk doesnt mean you can talk to me when Im sober",0
"Hammered all day and night six days in a row. Im done",1
"Ugh Id be skinner if I didnt drink beer every day..",1
"bar hopping at the mall with #mention ??",1
"A very smooth and pleasurable experience! - Drinking a New Dogtown Pale Ale @ Acme Bar &amp; Pizza - #url",1
"I thought my cranberry juice tasted weird.. And thats when I realized that its because theres no vodka in it",0
"Drinking a Rebel IPA by #mention @ Thirsty Frog Pub &amp; Grill a?\" #url",1
"Drinking a Honkers Ale by #mention @ The Dugout Sports Bar &amp; Pizzeria a?\" #url #photo",1
"Im at OCallaghans Pub - @ocallaghanpub (Rochester, NY) #url",1
"Drunk and just took my contacts out.. extra drunk??",1
"Catawba wine ?",1
"Just an FYI I have an ongoing bet throughout the playoffs that if Boyle scores a goal I have to get blackout drunk",0
"Why does my bud light taste like flowers?",1
"This bottle of wine&gt; my homework",1
"The final Flip Night ? (at #mention Cafe &amp; Pub w/ 9 others) #url",1
"Today has taught me that no matter how much of a drunk mess I am.. There is always someone who even more of a mess",1
"ill just sit here drinking whiskey watching the Rangers snickering, waiting for the yankees to start",1
"#mention #mention  #mention",1
"Everyones getting married and into relationships, and Im just like.. Wheres my beer.",0
"Vodka tonic and some good vibes to finish the night off.",1
"Get faded, turn up, pour it on up Till I cant even think no more Get ratchet, go dumb, then go more dumb Then we can keep it lit, lets roll",1
"Is anyone else getting super fricken excited for summer bonfires, Concerts and beer? Or is it just me..?",0
"Drinking w/ the homies. Might as well turn up since I cant go home till tomorrow morning",1
"..I think I drank too much wine while studying..goodnight ?",1
"If this doesnt say Im ready for summer beer and bitches.. I dont know what does ????? #media",0
"\"#mention: Anytime you leave somewhere and youa?Tre still drunk #media\" haha you feel me #mention #SorryimTheWorst ??",0
"my hell is an Irish bar where its St. Patricks Day every day",0
"I am too drunk and I have moves",1
"Get me to Elmira so I can reek havoc while black out drunk with my number one",0
"#mention I was super drunk for that formal",0
"thank god for alcohol what a life saver",1
"Im flying for the first time ever today. I think Im gonna do it like Dierks Bentley and get drunk on a plane. #MardiGrasUpInTheClouds",0
"#mention dining hall. When we had lobster last year. And I was drunk and almost got throw out for throwing a fit.",0
"Nice days like today. I just wanna sit on my patio and get drunk",0
"Drunk 2 whole pints Im dreaming now",1
"At the #syracusecheifs game with @becschu @kelsey_adler #mention #mention so ready for $1 beer and hot dogs!! #media",0
"#mention #mention #mention should I wear my #BillsMafia shirt or a jersey, and what beer should I drink?",0
"Good beer, good friends, good dogs #syracusechiefs #media",1
"a week from tomorrow Ill be heading back to Phila for the summer! party time #mention ???",0
"shower beer to celebrate officially being done with school?! ??",1
"Drinking a Scotch Ale by Naked Dove Brewing Company at #mention a?\" #url",1
"Hot run make this cold beer taste all the better.  Yumm. #marathontraining",1
"Continuing the pre-graduate party with #franzia",1
"Drinkin a Genny. Lightest beer I have tried in a long time. Taste like a beer. Decent tas.. (Genny Light) #url",1
"Social experiment #3948824: can #mention get a beer from a bartender faster than I can? #GameOn",1
"If anyone wants to pay me to write poems, binge drink in my backyard with my dog, or write poems about drinking in my backyard with my dog..",0
"I cannot wait to buy all of the wine I want whenever I want ??",0
"Chris is my DD while I drink by myself Wednesday afternoon and get WASTED celebrating the end of this semester.. #seniorbarcrawl ?",1
"i spilled beer on my michael BublAC shirt",1
"I got drunk at our work dinner tonight.. Shits dope",0
"I need a vacation, preferably on a beach with an alcohol beverage in my hand",0
"#mention: When somebody takes my alcohol without askinga?? they have a death wish",1
"I need a bottle",0
"#mention: This weekend will be phenomenal #GreenLakes #FlipCup #BattleShots #Moonshine #Gianelli #LYMEDISEASEa?? #LymeDisease14",0
"#mention #mention I educate America with drinking beer.",0
"Whos going to the bar tonight??",0
"#mention I love champagne. Come share",1
"#mention: This liquor bouta b everythinga?? ?",0
"Kayla just spilled wine all over me and the bed and goes \"can we put newspaper over it?\"",1
"Neighbors literally just made me want to get super fucked up",0
"Drunk enough that Im able to just sit here and judge others #bliss",1
"@tay_mcelwain like hi lets get drunk soon bc its summertime for this bitch ??",0
"Yep Barley wine in a Mason Jar Mug! Tis Malty, Hoppy, spicy yet Smooth with a .. (Bigfoot (2013)) #url #photo",1
"Bar hoping and shit done with p1 year, yo.",1
"Drunk. In my bunk.",1
"Been drunk every night for the past week ?",0
"Post Krewella hangover  ?",0
"Who gets drunk on a Wednesday? Bahaha we doo tequila shots fucked me up #media",1
"Whats a girl gotta do for a beer at 1046 am",0
"Lunch and beer shandy. Guess whose productivity is trending downward this afternoon? #roc #rocdish #url",1
"Brew House lunch. @ Genesee Brew House #url",1
"Shoutout to #mention for bringing my drunk ass home last night ?",0
"First #ROC 85 degree day.. Time for a cold one on the roof overlooking high falls (@ The Genesee Brew House) #url",1
"A nice cold beer would make this day so much better",0
"I need an alcoholic beverage in my hand  ????",0
"@daltonworgo celebrations begin tomorrow bro! Beer and more beer",0
"I love when my dad calls and says \"lets go grab a beer princess, I miss my daughter and Id like some family time\"? I have the best dad?",0
"If any of you ladies out there wanna see a real man at work. Ill be cutting wood on Erie. Feel free to watch man at perfection. Bring beer",0
"End of the week bookend - Drinking a Guinness Draught by #mention @ Lake House Pub  a?\" #url",1
"\"Im at a crossroads between adulthood &amp; childhood where I dont know whether to reach for the wine or chocolate milk.\" #mention",0
"I just wanna be beachside with a corona and some shrimp cocktail and a lovely lady to apply my sunscreen. #daydreamin",0
"Making this alcohol stuff w fruit when I get home ?",0
"Drinking a Dayglow IPA by @elysianbrewing @ World Of Beer a?\" #url",1
"Stop #1 of the bar crawl (@ 58 Main BBQ) #url",1
"\"Tequila makes me want to have sex, but so does every alcohol..and water\" #namethatroommate",0
"The amount of beer in a boot is deceptive. #workingonagoodfridaybuzz",1
"Thunderstorm, BBQ, and beer, the good life",0
"Drinking some fortune. Higher class version of the champagne of beers.. (Miller Fortune) #url",1
"Wine flights because were grown ups now #CollegeGrads in 12 hours @ Blu Wolf Bistro #url",1
"This tastes like ginger ale and beer and there is a tiger on the bottle so its pretty awesome in my book #media",1
"Honestly after today I just want to get shit faced ????",0
"@caitlin__waite and I are playing beer pong. 1v1. In a house thats not ours. Alone. K. Lol.",1
"@danfoley9 TURN UP",1
"I cant get enough of this beer. So.So. So. Good. - Drinking a Porter by #mention @ Rochester Taproom  a?\" #url",1
"My aunt and I made strawberry tequila shots?? #media",1
"#mention thanks Im about to do it now before Im too drunk to do it",1
"YAASS \"Banana Bread Sundae\" and wine with my friends. ???? #dessert #wine #friends #tgif @a?| #url",1
"Ended up at the coolest bar tonight. Thank you keith_ajohnson @ Argos Inn #url",0
"Just posted a photo @ OLacys Irish Pub, Batavia, NY #url",1
"Im a little drunk and youre still on my mind. Fuck.",1
"Sometimes I just want to sit in bed at night and watch Friends and eat a hotpocket and drink wine",0
"One last beer with the whole crew",1
"But thank god I didnt figure those things out while I was drunk. It would be a whole new level of drunk texting.",0
"White. Girl. Wasted. Sup",1
"tryin to get drunk tho. #1pmkickoff",1
"i. am. drunk.",1
"I have reached the cerebral palsy stage of my hangover. #fml #whatgoeson",0
"Wuddup still drunk",1
"I knew mixin my vodka with oj was good for my cold ?",0
"\"#mention: #mention beer cracked, ahh #Cheers\" ?",1
"Im at Colemans Authentic Irish Pub (Syracuse, NY) #url",1
"Thank you everyone who came last night and gave me an amazing birthday and a horrendous hangover today. Youre all assholes. I love you",0
"Today is perfect for wine coolers and beer with the gf",1
"My dad really offering me some beer, things really have changed",1
"I cried in the middle of my spanish final so needless to say, i need a beer",0
"Wine, diablo, and porn critiques. Ex and I have this friendship shit down.",1
"Its 2:47pm and we are drunk. Winery day=success",1
"Im 19 years old, drunk, playing 4 square. I love college",1
"Summer time sippin on the deck. Strawberry vodka, rhubarb liquor, and some strawberry syrup. #welcomehome #media",1
"Drinking wine and listening to If Only You Were Lonely. Great day. #hawthorneheights #throwback",1
"\"THE MALT PROFILE IS OUT OF TGIS WORLD!\" - Beer Store Guy - Drinking a Jai Alai IPA @ Rose Eddies (porch) - #url #photo",1
"#mention: I wonder how much money Ive spent at marketview liquora?? couple stacks",0
"@abbyscott Hi Abby; Im completely drunk. HaHaHa,.",1
"Wellimm wasted",1
"Waisting time at the bar until miss gets outta work with Geoff. Only us",1
"Tattoos and booze. What a good day ?",1
"Lingerie Party tonight..: I need to be tipsy enough not to judge ppl (outwardly) but not drunk cuz then Ill talk shit. #knowyourbody",0
"dinner beer n the nhl playoffs w my pops, nigga bet me $20 on boston beating Montreal ??",1
"Up visiting my bestfriend in the entire world and getting wastey pants at the bar crawl ? #mention",1
"Wine tasting with adedoyinsola ? @ Watkins Glenn NY #url",1
"Im at New York Wine &amp; Culinary Center - @nywineculinary (Canandaigua, NY) #url",1
"Popping two bottles for Jadiel. R.I.P ???",1
"The perfect beer. - Drinking a Genesee Beer by @geneseebrewery at #mention  a?\" #url #photo",1
"#mention I remember mixing Scotch and mint chocolate chip Liquer ??",0
"Havent made it to the bar crawl yet",0
"#mention: Not too sure how I avoided a hangover after last nights festivities.a?? h8 u so much but teach me ur ways",0
"#mention true life: Im an alcoholic",0
"JA$ger and root beer ??",1
"#mention #mention #mention #mention sitting at my backyard bar watching #mention w/wifey &amp; some drinks #media",1
"An ice cold Bud Light is calling my name",0
"The combo of random alcohol in consuming tonight is not okay?",1
"#mention It was an open bar. Love that. I owned the dance floor though.",0
"Life would be so much easier if they sold beer in vending machines",0
"Putting all my eggs in one basket (the one with a lot of wine and beer in it)",0
"Finishing my night with some xbox and wine??",1
"Not being blind drunk on a Saturday really grinds my gears",0
"Chillin while drinkin a bud ice. Its been a long but extremely fun day. Went to friends kids bday party then a bbq.",1
"Why do people think that a party consist of loud music and everyone standing around and drinking? THIS ISNT FUCKING COCKTAIL HOUR.",1
"Drunk group message with my younger brothers and sisters. #goodidea",1
"Nothin better then some beer and jerkey with the boys",1
"Party time? I think soo!! #turnup #afterparty",1
"Tonights fun includes some #Jaegermeister &amp; supernatural #vscocam #jaeger #yum #booze #saturday #yuma?| #url",1
"When Im drunk I take selfies and when Im sober I take pictures of cats, so theres that.. #loserstatus #pretend",0
"Im dead in a bar right now.",1
"Im too drunk!! Lawd!!",1
"Eating dry cold fries because drunk and yolo and other fries shit and yum",1
"S/O to @Zak_Lawlor for still wanting to talk sports with me after shots of vodka. #gaysam #fullerto23 #brownsstillsuck #teambortles",0
"Guys Im too drunk.",1
"@BMayzee@Hartless1010@KyleTheShields I just woke up an in still drunk how you guys feelin",0
"#mention Im still fucked up I looked at my snaps n ask myself when the fuck did that happen",0
"Im drinking beer and breaking down furniture on a Sunday morning and Ive never felt a stronger connection to Sheryl Crow before.",1
"My drunk ass last night. Omg!! Lol #media",0
"And on that note Ill be sitting on my front deck drinking beer in the sun all day if anyone would care to join ???",0
"Happy Mothers Day to all those awesome moms. Today I raise my glasd to you all. #MothersDay #beer #craftbeer #hopandsketch",1
"Shot to start the day right",1
"sparkling wine tasting for #mothersday (@ Rochester Brainery) #url",1
"I met oomf at a party lastnight and that was the first time Ive connected with someone so quickly in such a long time ??",0
"The pub will be forced to close early on Tuesday nights after everyone is too drunk to answer trivia questions at 10:30 #2015LMCpredictions",0
"My dad just asked me if Im an angry drunk, well..",0
"Just wanna be in a pool with a beer and a blunt in my hand",0
"#happymothersday #wineries #lovelyday ????? @ The Inn At Glenora Wine Cellars #url",1
"Hammock by the pool, beer n country music just lovin life",1
"Very late in the evening.. Very drunk @ Memorial Art Gallery #url",1
"Tasty stuff - Drinking a Mutt Double IPA by Rogers Beer Company  at @jryanspub1  a?\" #url",1
"Here is what your schedule should look like starting this Thursday.. @thelavaclub #mention Your place 2 come party #media",1
"Ending the day with some wine and the best dinner ever #greatweekend #somuchtolookforwardtoo",1
"Im coming over next weekend &amp; were getting a bottle. Remember that since you always be forgetting about me lol #mention",0
"Aww #dad #angelo ??? @ The Inn At Glenora Wine Cellars #url",1
"You know we drink so much We getting drunk for weeks We drink so much goose, We turning into geese",1
"My dad just gave me a beer with my dinner. Who are you and what have you done with my father?!",1
"??? @chantellesleez_ remember the last time I found a shit load of money in my pillow case and I bout so much liquor",0
"Drunk last night with the besties #fuckedup",0
"\"#mention: Bom chicka pop, Long Island Medium &amp; a big glass of wine #happymothersday\"drunk jenga",1
"Because, whiskey with my girl (at @TheOldToad) #url #media",1
"@candace0523 I accidently got drunk writing a paper a couple weeks ago .. Youre not alone gf, youre not alone.",0
"From this afternoon, fitting for a beautiful day - Drinking a Berliner Weisse @ Beer Garden at Dragon Bar - #url",1
"I think I am sufficiently drunk and caffeinated for a 4am Greyhound bus. Though one can never be too surea?|",1
"#mention the \"alleged\" drinking game  \"allegedly\" got me drunk #turndownforwhat",0
"Last night was great! Had dinner with my daughter then came home put on pjs, had a glass of wine, and cuddles",0
"Its a beautiful to get shitfaced out in the sun",1
"All my cuts from going to Rimrock hammered just went away. So now I have these cool scars as a constant reminder to never do that again.",0
"Hugee party tonight.. Just a heads up to my fellow OCC faithful ?",0
"Gossip girl has completely taken over my day. All I need is some wine and Ill be happy happy happy.",0
"After working outside all day in this heat nothing beats an ice cold brew as soon as you get home",1
"I spend way to much money on alcohol and food",0
"Someone go to a bar with me. I need an adult beverage right now. #OrFive #MondayFunday",0
"#mention central New York my friend. We drink wine real good",0
"#mention this is why most pub trivia is purchased from websites. I really should ask to get paid :( I work for drinks.",0
"Wapatula, Jell-O shots and bottles on deck??? everybody gonna be Turnt up with me Idgaf ?",1
"Picking up some fruit for my duty free rum party tonight. (@ Tops Friendly Markets) #url",0
"Trying out #amoreflightnight - every Monday night at Amore! $5 wine flights! #roc (@ Amore by Wegmans) #url",1
"Drinkin a beer called Dirty Bastard",1
"Beer, sausage and NHL playoffs.",1
"Pile of food and ice cold beer is so welcome after todays long day at work.",1
"Drunk Emmalie is a bitch. Love, sober Emmalie",0
"Champagne and cake makes everything in life better.. Right? ??",1
"If you arent fucked up right now.. Your doing it wrong ?",1
"So drunk.",1
"Im just gonna watch action movies and drink beer all night",0
"The amount that I retweet is directly proportional to how drunk I am.",1
"I want dominos and weed and beer and bae",0
"#mention lmfaoo wow, blame it on the AL AL AL UH ALCOHOL! lmao",1
"Fuck this Spanish I want to cuddle ?.. Or have a beer",0
"\"#mention: But at the end of the day me and Danielle won the whole thing so we undefeated\"ayee drunk asf &amp; all lat lol",1
"This nigga shot is DISGUSTING",1
"#mention helloo you guys need to be able to take care of my drunk ass Im not trying to die on my 21st ?",0
"How much alcohol do you think it would take for me to forget that this year ever happened?",0
"Drinking wine coolers is basically just like asking to have a hangover",0
"#mention Ill be back to visit I promise so we can get ratchet drunk and have tons more laughs!! Love you so much my gib????",0
"it amazes me the effects of a giant peach iced green tea and bacon egg and cheese bagel sandwich on a serous hangover. thank you, beca ?",0
"Drinking a Beehive BrewPub Bee Hoppy IPA by @cbcraftbrewers @ Bee Hive Brew Pub a?\" #url",1
"Ill do anything to sit in the sun. Sanding a dresser and drinking a bottle of wine",0
"Whos poppin champagne with me after this semester?? @MCCDrake",0
"Anyone wanna come bottle wine..and drink it",0
"I need booze.",0
"Note to self: when riding on a bus for more than 3 hours, bring alcohol",0
"Champagne on a sunny afternoon is so relaxing. #ilovesummer",1
"Wine time! (@ The Wine Tent at the Lilac Festival w/ 2 others) #url",1
"#mention its in reference to Joe Walsh. Which I am listening to while sitting outside drinking a brew.",1
"THE perfect night for a beer on the patio. (@ Bull &amp; Bear Pub - @bullandbearpub) #url",1
"Drinking a Rebel IPA by #mention @ Bayside Pub a?\" #url #photo",1
"Hot beer",1
"Yard is mowed, time to sit back with a glass of wine and chill #flxwine #mention #media",1
"#mention: In alcohols defense, Ive done some pretty stupid shit sober as well.a?? Truu",0
"This is real life #Beer #media",0
"40$ bottle of remy mm",1
"Nothing quite like good weather, good people, good food, and cold beer. Summer is finally here #cookouts",1
"#mention @TaylorVermilyea its a 4 beer queer sesh",0
"Weird me and my \"trashy\" friends havent got kicked out yet (@ BLU Bar &amp; Grill) #url",1
"#mention: This summer I cant turn into an alcoholic son !!a??",0
"Im at OCallaghans Pub - @ocallaghanpub (Rochester, NY) #url",1
"I want some wine",0
"A bottle of Henny ??",1
"Wine &amp; thunderstorms ??",1
"ill crack a beer when big papis heart stops beating",0
"Last wine and movie night with my loves #media",1
"Senior week just kicked off.  Tequila with the Guatemala Posse! (@ Beef &amp; Brew) #url",1
"Bar hopping or strip club?",0
"Some grandpa bought me a shot at the bar because \"i was the prettiest thing there\" #DateRapeMaterial #bye",1
"Alone with my beer, and my thoughts.. good thing, or bad.. #nottoosure #LateNightThoughts",1
"Im \"eating pasta, naked, in the kitchen\" drunk.",1
"\"Alcohol makes me grow.\"",0
"I need intravenous tequila.",0
"I grew a whole lot, my wild side only come out when im drunk lol",0
"Rochester may have been the best time yet. Bug Jar is a great bar and a good time. Also their drink Deep Blue is truly and recipe for fun.",1
"We may or may not have taken a cab back from Djs last night..thats like .2 miles ? #drunk #mention  #mention #mention",1
"\"You know youre at the perfect level of wine drunk when you act like a biddie hippy.\" Words of wisdom from the Alicat. #winetour #seniors",0
"Nice cold beers (@ Sports Pub) #url",1
"#mention hahha na but my wine run is happening later i will have to buy thaat ahha",0
"I have a new found appreciation for beer ????",0
"Anytime I want to give up at the gym I just look at my beer gut and PUSH.. #lifestyle #change",0
"Im at ALFA bar &amp; dining room - @alfasyracuse w/ #mention #url",1
"Another great beer from Great Lakes - Drinking a Lake Erie Monster by #mention @ Eye Hub  a?\" #url #photo",1
"\"#mention: (212): He said it wasnt ladylike of me to drink more whiskey than him. I told him to stop being a little bitch.\" #mention tweet?",0
"In need of a boat to make it to the bar tonight, help ?",0
"7pm: a bottle of wine down and this already happened #media",1
"I need to get fucking drunk tonight. WHYY am I leaving geneseo..",0
"Too hot for breathing but never too hot for alcohol",1
"Is it beer:30 yet?",0
"Out w zach (@ Bull &amp; Bear Pub - @bullandbearpub) #url",1
"Im gettin drunk on a plane ??",1
"Game of thrones, wine, popcorn in bed finallyy #media",1
"Hella Happy Birthday!! ??????? will party this weekend..your legal #mention",0
"All These Blunts &amp; All The Bottles , And Im Still Thinking Bout Bre .. ??",1
"Stopped in for a single and got a sweet bottle on the house! This i.. (Old Crustacean Barleywine) #url #photo",1
"Bring me back a dr pepper and Ill throw a big boy Ciroc bottle at any busted car u want :)",0
"#mention: happy summer break lets work a lot and get real wasteda??",0
"@sull1o1 I think Im gonna need some more 100 proof vodka if Im supposed to smile",1
"Watching Vanilla Sky slightly drunk is amazing.",1
"Enjoying a nice beer ?",1
"Im getting drunk on a plane",1
"Woke up with my flower in my hair and lei on. Debating wearing them to the wine tour",0
"Holy hangover.",0
"# hangover",0
"Wine tour time! #SenecaLake #winetour #ICSW14",1
"Cayuga wine tour, here come the children. #mention #mention",1
"\"They will have no wine..but there will be  lots of blood.\" -#mention has resigned us to a wine-tour-turned-horror-movie",1
"Left the gym early to go to the liquor store #oldhabitsdiehard #priorities",0
"@FunnyDamnTalk: I just want to be drunk on a beach right nowa?? if I could chose one thing to do any day anytime with  #mention &amp; #mention",0
"Now that Im tipsy I feel so much better lol it aint even noon",1
"#mention Thursday night wine tasting this week?",0
"#mention social media and alcohol for the win ? #fuckit",1
"Im fucked up. ?",1
"A nice tall glass of wine sounds too good right now",0
"I LOVE YOU WINE SLUSHIE #media",1
"Talked to my grandma on the phone while drunk #winetourproblems",1
"Smells of vanillins. A bit light for a Scotch ale. - Drinking a Scotch Ale by #mention at #mention  a?\" #url #photo",1
"I need a fucking nap and some alcohol",0
"Big and boozy but delicious! - Drinking a Scotty Karate by Dark Horse Brewing Co. at #mention  a?\" #url",1
"I dont think Ive ever drank an alcoholic beverage without spilling 15% of it on my body",0
"Just convinced my dad to buy a golfing drinking game at Spencers for the bar ?",0
"Drinking a LA 31 BiA?re PAcle by #mention @ Johnnys Irish Pub a?\" #url",1
"Sorry I was not at L &amp; M Im at Johnnys - Drinking a LA 31 BiA?re PAcle @ Johnnys Irish Pub - #url",1
"I just wanna get drunk &amp; eat chicken ??",1
"@Bianca_Pitonzo #mention Id rather pass out drunk at the justice center ..",0
"Drinking a SprA?cketbier (Black Rye KA?lsch) by #mention @ Johnnys Irish Pub a?\" #url",1
"Rum buckets with #mention #mention #mention @courtkaiyri and #twitterlessKelsey at #mention #senioryear #media",1
"Bottle #2  #mention #flxwine #lovewine #media",1
"Cant wait to party tmrw night with my sister for my last weekend at college",0
"I said im not drinking nomore but i meant im not getting drunk nomore!",0
"Drinking a Scotty Karate by Dark Horse Brewing Co. @ Acme Bar &amp; Pizza a?\" #url",1
"I have two Busch lights who wants to party",1
"Beer is so good",0
"This tequila is going to smack me in the face later.",1
"I think I need an alcoholic beverage",0
"I need something to occupy me when Im drunk",0
"Dont drink beer but this hit the spot on my second one ???? #media",1
"Seriously fuck this final tomorrow morning. I wanna be out getting drunk with my friends ?",0
"Three things I am looking forward to this summer: graduation party food, beer, sunlight.",0
"If one question could sum up my entire college experience it would be, \"drunk or exhausted?\"",0
"#mention we wanted to meet you guys so bad this weekend! We are bout to take a shot to celebrate all of the #mention honorees ???????",1
"Whoaa Senior Bar Crawl had me in bed by midnight. Thats life, folks.",0
"Guess going to the bar celebrating Quincy not picking us  was a bad idea.. #shots #quincydidntpickus ??? #media",1
"Theres nothing like my own bed after 3 bottles or so of wine. #winedrunk #happydrunk #thursday",0
"Listening to the rain fall &amp; drinking scotch. Only thing better would be our asses in LA!! #iknowgetoverit",1
"HERES TO LOVING VODKA, CHEESE, AND MY LIFE!",1
"#mention #mention i filled a camel pack with heady topper for the run and I have a beer dispensing helmet for the ride.",0
"This shot just killed me OMG.",1
"My mom says that I can have a \"good luck\" shot of vodka before prom ??",0
"Upset that college is over and no longer will it be appropriate to wake up at noon still drunk..just to keep drinking  #seniorweek #meh",0
"Youre doing it right.. #mention: Roses are red. Violets are blue. Drinking beer. Outside.a??",1
"@nickraesky: Freshman years over? time for a summer of booze and blunts?????a?? WOOHOO",0
"Drunk shopping at its finest. Ooo cream pies! (at #mention) #url",1
"Fried chicken, world of beer and Godzilla. What a good date night",1
"Its my birthday weekend! ! So ready to party tonight!! #byob ?????",0
"Laying around in my underwear watching chick flicks and drinking wine because the semester is over and I deserve it goddamn it! ???",1
"I wonder whose arms i would run and fall into, if i was drunk in a room with every person i have ever loved.",0
"Enjoying some Red Muscadine wine from @CharlestonWine I just got on a recent trip to #fb #chs #media",1
"Date night :) (@ Empire Bar &amp; Grill On Rte 31) #url",1
"John Gibsons a year younger then me playing in a game seven in the NHL and Im sitting here eating a whopper and drinkin beer",1
"More drinks (@ Route 78 Pub) #url",1
"Biggest question of the night.. Glass of wine or a beer? #LifeDecisions ?? #fb",0
"Bored. Loner. Alcoholic.  Jk",0
"#mention nah im drunk.",1
"@FreshGuy_Rios: #mention nah im drunk.a?? LLMMAAOO CALM DOWN CALM DOWN",1
"Lets get drunk ???? Ill even pick you up",0
"Barton Fink and wine. A long weird week is done.",1
"Wine, and home made pizza that i didnt have to make ??",1
"Drunk with my whole fam at horse I love life #live #iam",1
"\"#mention: Beer is good, but beers are better.\"",0
"If im to scared to do something i just think to myself its fine ill just do it next time im drunk hahahaha",0
"Everyone going to oleans prom tomorrow night be careful, dont drink and drive or the drunk driving fairy will kick you in the testicles",0
"Pretty good. Im not getting Peach though which made it lose half a star.. (Georgia Peach Beer) #url",1
"For 100IBU and an Imperial Lager its damn hoppy with an average body and a mouth.. (Mass Rising) #url #photo",1
"There are not a lot of things better than getting bought a free shot #mention for ur rendition of piano man",1
"This beer is greatly appreciated and well deserved #Cheers ?",1
"I am wearing a conquered bucket of rum #media",1
"drunk af have to move out tmrw fuck",1
"I mightve have drunk texted everyone I wasnt supposed to",0
"Idk how many times I have to say this but im never drinking or smoking again. I still feel fucked up!!",0
"Im still drunk",1
"Yup going to work right now still hammered",1
"Omg my mom just told me were playing twister tonight wasted. ? @amariee18",0
"Between my allergies and how much alcohol I consumed last night my head feels like its going to exploded at any moment",0
"@Niicc should have texted me i just went to the liquor store",0
"I turned up so much in April!!   I consumed too much alcohol. Too much!!",0
"Beer tasting, shooting guns, lilac festival.  Should be a good day",0
"#mention its a bar im intoxicated",1
"Also just did a vodka/whiskey/gin tasting so yeah thats where I am",1
"Im at OCallaghans Pub - @ocallaghanpub (Rochester, NY) #url",1
"Should have gotten drunk for this. Uhg",0
"Thanks Joe McBane - Drinking a Harvest Ale (Lagavulin Whisky Casks - 2008) by @jwleesbrewery @ Tap &amp; Mallet  a?\" #url",1
"#mention where can I find your beer? #mention didnt have any.",0
"Bar crawl with my one and only (@ Viva Taqueria w/ @rampaige133) #url",1
"Theres sun!!  &amp;&amp;Im playing cornhole. - Drinking a Bud Light by #mention @ The Brunswick  a?\" #url #photo",1
"More drinks (@ Route 78 Pub w/ @jyolevich) #url",1
"you know what I wanna do? go back to bed and hopefully not throw up again. #tequila",1
"Someone anyone get me and carrissa a bottle",0
"Someone come over and get drunk with me pls",1
"Ive barely ate anything td.. So this wine hitting hard rnn ??",1
"Yup Im In wegmans after a wine tour judge me",1
"Ive got a glass of wine and a good book, were calling this a good night",1
"I drank 3 bottles of wine and now Im on to 24ozers..god help me",1
"Drinking a Georgia Peach Beer by @cbcraftbrewers @ Rose Eddies a?\" #url",1
"Lets get drunk off the minibarr",1
"Beer flights #mention, including #mention #cheers #media",1
"\"@Drunk_America: Theres nothing better than an ice cold beer on a Saturday night.\" #mention--Jeffrey and I had a few for u today :)",0
"camping is only okay when theres beer. remember that kids.",0
"My bestie @carleencassidy is home for a spur of the moment weekend!  Relaxing with a bottle of winea?| #url",1
"Walking in to a bottle of red moscato waiting for me.. My bae &gt;&gt;&gt;&gt; yours",1
"@lrbxoamb ?? come on i was drunk",0
"Love that my brother was \"too depressed\" to bring me home the booze I gave him money for, yet wasnt too depressed to buy his own. Ass.",0
"We pop champagne",1
"I come home crying &amp; mom listens to me drunk blabbering about nothing, shes the best",0
"Ciroc got me feeling good",1
"Think ima just stay tipsy i feel great!",1
"#mention ?#Levels I only play drunk ..",0
"Now that Im home this alcohol has kicked in #wtf #drunkwhiteboyd",1
"Cant wait for wine tasting with my team :)",0
"#mention lmao I dont even have ya number but yoo I swear I wanted to pop up on you ?? We gone have a drunk &amp; ?? to ?? REAL SOON .",0
"Only my best friend would FaceTime me during his graduation while Im in an ugly hangover #mention #love #2014 #media",0
"#mention: Magic ball 8, should I get drunk tonight? #mediaa?? ?",0
"Tequila was such a good idea last night, but this headache is telling me otherwise",0
"Im getting plastered tonight",0
"\"#mention: All Good #url\" cant wait to get poopy drunk right there",0
"#mention: \"Just washed down my birth control with vodka #turndownforwhat\" - Bridgewater Collegea?? #mention watched me do this once ?",1
"Spending my day at Macs bad art bar. Seeing Far From Over play! ? #vscocam #macs #macsbadartbara?| #url",1
"One final beer with my ladies here at 35. Been one hell of a semester. Wouldnt trade it for the world.",1
"Drinking a Samuel Adams Porch Rocker by #mention @ Jenns Booze &amp; BBQ Emporium a?\" #url",1
"Drinking a Samuel Adams Blueberry Hill Lager by #mention @ Jenns Booze &amp; BBQ Emporium a?\" #url",1
"This natty ice had to have 5.9% alcohol. Couldnt add .1%.",1
"I need a beer :(",0
"Drinking a Sixty-One by #mention @ World Of Beer a?\" #url",1
"so #mention and I want to throw a great gatsby themed party this summer for the hell of it.. whose down to celebrate 1920s style?  ??",0
"One beer and jake wont let me drive to lugias ? #okmom",1
"Whats worse, the pain or the hangover?",0
"Country music makes me crave brew",0
"Got a glass of rum and peach juice and Im ready to go #amwriting (@ Writing Studio) #url",1
"V8 Splash..with a splash of alcohol ?",1
"#mention: #mention: I love drunk peoplea?? I love being drunka?? I love both",1
"drank one beer before I realized I cant physically drink alone. is this adulthood",1
"Booze light district, Southern Tier IPA on Tap! - Drinking an IPA by #mention @ The Red Light District  a?\" #url #photo",1
"\"@thomas_jalen93: My new pick up line is I got a bottle of moscato and a Dutch rolled\" @drosekrans our kind of guy ???",0
"And now wine tasting.. Because Im not already reminded daily I dont like wine #media",1
"@geneseebrewery is served here @beehivebrewpub #local #itsmonday @ Beehive Brew Pub #url",1
"Will someone drink alcohol with me tonight?",0
"And by alcohol I mean tequila.",0
"\"Youre always drunk when you hit on me\" well yeah youre always ugly. Like 2+2=4",0
"The only time we really talk is when our clothes are coming off. I like us better when were wasted, its easier to fake itt",0
"Drinking a Dos Equis Special Lager by Cervecera Cuauhtmoc Moctezuma at #mention a?\" #url",1
"Im at OCallaghans Pub - @ocallaghanpub (Rochester, NY) #url",1
"Dinner tastes better when its with mattymiller420 @ dinosaur Bar-b-que Rochester NY #url",1
"I think a puppy and alcohol would make me feel better. #girlproblems",0
"Smoke blowin out the window, an ice cold beer sittin on the consolee",1
"but whats worse.. the pain or the hangover",0
"I love food and beer so much, this should be a foodbeer twitter account.",0
"Bar hopping Tipp Hill with Pops and the uncle for the 21st was about as good as having your birthday on Monday night can get",1
"Someone come visit me at the scotch house before I fall asleep on the bar",1
"At the bar (@ LJs Take Out &amp; Restaurant) #url",1
"might as well sit here and roll me a joint or pour me a drink, so I can get wasted and dont have to think",1
"who wants to play hit the bottle",0
"a little wine and netflix never hurt nobody ??",1
"PARTY LIKE A ROCK STAR..the Heinekens r missing they were chilling n the ice.. @ The Thats Howa?| #url",1
"Im a whiskey drinkin, cowboy chasin, helluva time. #playsomethingcountry",1
"the moment of the day when you give up on trying to be productive and switch from caffeine to alcohol",0
"\"#mention: Not buying beer til man weekend (june 6-7). So this sucks.\" You know what doesnt suck? Im back in Rochester.",0
"I just wanna get wasted ??",0
"Done with finals. Chillin at senior week wine tour. Gonna miss this place #Cornell14 #bchutookthis @a?| #url",1
"#mention: When youre drunk looking for food #urla?? hahahaa",1
"Been locked outta my car for about 5 days now and #mention full bottle of liquor is blatantly sitting in my backseat",0
"Love it, light lager.. - Drinking a Leisure Time Lager by @jacksabby @ World Of Beer  a?\" #url #photo",1
"I wish I was sitting at Fenway drinking beer and enjoying this evening. #icandream",0
"Love is.. #tele #momrocks #music #love #rock @ Bull &amp; Bear Pub #url",1
"Drunk at a local bar with my mother. Ive hit rock bottom.",1
"Damn you carabbas happy hour. 2 glasses of wine for the price of one and now Im wasted. Cool ????",1
"Bowling and beer for the last night in Brockport.",1
"Good brew - Drinking a Northern Hemisphere Harvest Wet Hop Ale by #mention @ Colemans Authentic Irish Pub  a?\" #url",1
"Chilling out front #mention sipping great red wine watching pedestrians #TheLife",1
"#mention Write it while wasted",1
"Yum - Drinking a Newcastle Brown Ale by @HEINEKEN_UKCorp @ Colemans Authentic Irish Pub  a?\" #url",1
"No food in my house but bottles on bottles of wine looks like I know what Im having for dinner ?",0
"Just bought a bottle of tequila for myself..",0
"Probably about to get wasted tonight .. Ehh ?",0
"@Bianca_Pitonzo @K_M_Wx2 or just 3 pounds of wine",0
"Alcoholic problems ??",0
"\"This dip is really good. What is it?\" #mention  \"ranch. Its ranch dressing\" #drunk",1
"Aww I want a extra large wine glass for my meday.",0
"its like emotions get to flowin when that liquor gets to pourin",1
"\"#mention: #StopWhitePeople .. party bout to start BUZZING! #url\" OH MY GOSH!",1
"A lonely beer, with lonely thoughts.. #mylifebelike #lonely #lonerlifestyle #latenightthoughts #musicthatmatchesmyemotions",1
"We can straight up blame it up on the whiskey. I hope ya get lonely tonight. #coleswindell",0
"@HiNilaja as soon as I get my license Im coming back there all summer and the get drunk club will be back in action ??",0
"Best friend calls me.. \"lets day drink. Im still drunk from yesterday\". Cannot argue with that",0
"Definitely getting a bottle for this weekend",0
"gonna need a beer or twenty after I get done working today #toomanyflowers ???",0
"After working for three days I have decided to stick to my plan of becoming a trophy wife with a degree in wine and fine dining",0
"&amp; I know that Im drunk but Ill say the words and hell listen this time even though theyre slurred",1
"Drinking a Georgia Peach Beer by @cbcraftbrewers @ McColleys a?\" #url",1
"Why does bud light taste like heaven",1
"I wish normal me was as confident as drunk me",0
"@Jasmine_Marie33 so what Im celebrating you bday u dont have to come Im getting drunk lol",1
"#mention at a bar too!",1
"Have no choice but to respect a bar that allows you to being your drink outside.",1
"#mention so party time? I have 90 proof cane rum! Ganna have to drink it by myself!",0
"Drinking lean ?",1
"*Passes you a beer* ..To the busiest man in Rochester today..cheers! #mention #ROC",0
"Oomf said four lokos are better than beer.. Noo. ?",1
"Whiskey sour. Or just whiskey.",1
"Last week of college problem: too tired from todays wine tour to even think about tomorrows. #seniors2014",0
"#mention hates when I get drunk but I dont mind. The walls however take advantage and attack me repeatedly.",0
"Its entirely possible I have sweat give days worth of alcohol out.",0
"Gonna go out to eat Friday, &amp; then get a few drunk n loves &amp; sip &amp; chill @ my crib w/ my girls!",0
"#mention dereks like ill get fucked up inly off petes alcohol tho oh and i alread owe him 20??",1
"im bout to toss a brick through hallinans liquor store who wants somethin",0
"#mention I dunno. I should have asked for her handle to check but I was already drunk but didnt know it yet by the time it happened.",0
"Man dark beer wasnt such a good thing..",1
"#mention I think so. I told Scott and he said we should be good. The only thing we didnt get was beer, so stop on the way down.",0
"Throwback Thursday to when my mom packed a beer in my lunch?? #media",0
"Weather better clear up for tonight. Been trying to hit a chiefs $1 beer night game for weeks now!! #media",0
"Me and Shantel would wake up and start drinking coconut ciroc and sprite lol..",0
"#mention haha Im honored. The taste is still second to that alcohol content.",0
"That was a great couple of days. Good beer, good golf, and good beer. #Byrncliff",0
"That being said, is it too early for a glass of wine?",0
"\"#mention: #mention  Im tryna drink tonight we at your house\"ya dude party at richies house",1
"Drunk as fuck and was still a damn good kisser doe ?",1
"Nice and toasty! - Drinking a Jacka?Ts Evil Brew by @jacksabby @ Tap &amp; Mallet  a?\" #url",1
"Mom greeted me with a cold beer after work?",1
"Nice with a lot of funk. - Drinking a Berliner Braun Lager by @jacksabby @ Tap &amp; Mallet  a?\" #url",1
"* mine and livs relationship\"  liv: wanna get drunk ? me: of course I do ?",1
"You know what else is weird? My Philippino girl being late when good food, movie and wine is on the menu for tonight.",0
"Im thinking Lasagna and Champagne",0
"Lets kick this 4 day weekend off right with a dinner and good beer from #custombrewcraftersa?| #url",0
"Drinking an Oarsman Ale by #mention @ Johnnys Irish Pub a?\" #url",1
"Im going to be one of those people who drinks wine in the bathtub lit with candles. Its just so perfect.",1
"#mention Im being realistic and not drinking tomorrow or Saturday (hopefully) so I can binge on Sunday and Monday lol",0
"I kinda forgot what Ciroc tasted like ?",1
"Played beer pong for the first time since I cant remember when. Played with yuengling. Went 4-0. #mention #bachelorparty",1
"Cant wait to buy some apple beer tomorrow ? its gonna be a good weekend.",0
"Drinking an Oarsman Ale by #mention @ Johnnys Irish Pub a?\" #url",1
"Drinking a beer with King Toad in Syracuse at Alto Cinco .. Not a Bad Evening! ??",1
"Drinking red bull at work and id do anything to get some fucking vodka in it",0
"Im not sure what a Downton Abbey is, but if its a delicious whiskey beverage Im all for it.",0
"#mention IM DRUNK BUT YOURE HOT OK",1
"Having a nice martini (@ Wall Street Bar and Grill - @wallst585) #url",1
"??ok Im drunk..",1
"alcohol my only friend",1
"tiki party or nah? ???",0
"Realizing that I twitter argued with a stupid kid last night makes me want to stop drunk twittering..",0
"Hangover is real af",0
"#mention Yup, But I cant party as hard as I did in my 20s. Hurts too much the next day.",0
"Liquor and ecstasy, Gucci and Flocka",1
"I need to turn up tonight! ???",0
"#mention: \"Im not an alcoholic, I only drink two times a year. On my birthday &amp;when its not my birthday.\" - OSUa?? #mention",0
"#mention that was probably the worst hangover  of my life.",0
"Im at Bee Hive Pub (Canandaigua, NY) #url",1
"#mention I am spend a quite weekend doggie sitting. Haha I do have a bottle of wine!",1
"Gunna need this party tonight",0
"Meteor shower and a big glass of wine is what I need??",0
"Im tryna get drunk off this henny but everybody playin",1
"How to make the Chocolate Blowjob Shot!  -  Tipsya?|: #url #gonnamakethese #oo #yummy #blowjobshot",0
"Friday night sushi and wine #mention #eatlocal",1
"Solid golf day. Time for some poker and more beer with the boys",1
"started my week back on campus wine tasting and now Im ending it the same way..good friends and good drinks #glassfest",1
"Wait Im actually a soccer mom tho.. Except after I dropped jj off I ran to the liquor store instead of whatever the fuck real moms do",0
"Beer ? @ Kellys Holland Inn #url",1
"Pizza wings and beer. We make good beer. - Drinking a Snow Day IPA @ Seneca River Brewing - #url #photo",1
"Going bar hopping at the mall later who wants to join?",0
"#mention sure. We have more beer to drink. Wanna swing by?",1
"Jake is way too buzzed off for this pub right now @JakeClarjake",1
"You can buy a whole bottle of wine here ? #deathcabforcutie #cmac @jesselynz @ CMAC #url",1
"already apologized to my manager that I may or may not come into work tomorrow morning still drunk and in my clothes from last night ??",0
"More drinks with my love (@ Route 78 Pub w/ @jyolevich) #url",1
"My new fav place for drinks and vaping. (@ Victoire: A Belgian Beer Bar &amp; Bistro) #url",1
"#Chillin in #Syracuse #NewYork #nofilter #cheers #thirstythursdays @ Als Wine &amp; Whiskey Lounge #url",1
"Drunk s*x 2nite #mention",1
"Im at The Red Jug Pub (Cortland, NY) #url",1
"I think miller lite is my favorite beer on the count that the miller spokesmen are out here giving out free beer! #mention",1
"Blackout drunk round 2?????????#mention",1
"My dad told Chris goodluck with me when Im drunk ??",0
"found out i got carried out of the bar last weekend, successful birthday it was.",0
"I honestly feel like Im going to die the day I can finally buy alcohol",0
"@DyanetteC im drunk",1
"Pretty hammered my guys",1
"Id take beer over wine any day",0
"The worst thing to pull out of your mail box.1st thing Im gonna say..Im a raging alcoholic.2nd I hate black people #media",0
"country music and wine is what heaven is if u were wonderin",1
"Miraculous. - Drinking an 2 Year Barrel Aged American Imperial Stout @ Joe &amp; Robins Beer Cellar - #url #photo",1
"Simple guy, as long as I have money for gas, beer, and food Im happy.",0
"The real question is will the bar be open before this 3 o clock wedding",0
"Im a big ass baby when you mix the weed n the drank ??? i be wanted to boo love when im drunk/high",1
"This entire term Ive been freshman year drunk, and I think its fitting, since its my last term 3. #fullcircle",1
"going through tweets &amp; texts after a drunk night is like ??????",0
"#mention yeah I think Im grinding my teeth when I go to bed drunk or something. Oh well. Hahaha. ?",0
"Wine tasting with #mention #WillWeMakeItOutTonight",1
"#mention: Satur(get drunk)daya?? #mention",1
"Great session beer at a very cool farmhouse brewery. - Drinking a Session Saison @ Abandon Brewing Company - #url #photo",1
"The lineup. #scotch #whiskey #Jameson #JohnnieWalker #Laphroaig #TullamoreDew #QualityOverQuantity @a?| #url",1
"Wow. Such an amazing beer. Never leave me, 120 Min! - Drinking an 120 Minute IPA (2014) @ Keenans Restaurant - #url",1
"Smoke weed get drunk",0
"#mention and I should not tweet after 2 bottles of wine",1
"out here in wine country for some tastings with #mention and #mention",1
"Cant go wrong with this beer. #UCLfinal #NCAALax - Drinking a Hop Odyssey Black IPA @ Rochester Taproom - #url",1
"Saturdays are good days for wine #anyelasvineyard #media",1
"Im at OCallaghans Pub - @ocallaghanpub (Rochester, NY) #url",1
"Wine tasting!! (@ Hazlitt w/ #mention) #url",1
"U know ur gay when ur hanging out with a bunch of dudes with ur shirts off, rapping together, drunk. #neighbors",1
"Wine tasting upstate NY (at @VillaBellangelo w/ 2 others) #url #media",1
"Running out of of wine is always the biggest concern at family gatherings",0
"Favorite bar/restaurant in the Cuse.  Lets drink! (@ Empire Brewing Company) #url",1
"Empire Amber Ale #beer #beersnob #empirebrewery @ Empire Brewery #url",1
"Party tonight. Hit me up",0
"What a great day. #Corning #glassfest #local #beer #lagunitas #IPA #mention @ Cornings Gaffera?| #url",1
"Gettin fucked up tonight for my niggas bday. #TurnUp ?",0
"3 bottles of moscato down, and Im wine drunk. Hi. Im a fun time",1
"Im at Bull &amp; Bear Pub - @bullandbearpub w/ @timjurks #url",1
"Im at Gates Pub (Rochester, NY) #url",1
"Just said \"fuck it\" and popped my shirt off. Im tanning in short shorts and bean boots with beer on our dock #media",1
"To hell with the red wine, pour me some moonshine",0
"#saranac going #wild on the deck. #beer #beerporn #craftbeer #longweekend #summer @ Walsh #url",1
"Zoo brew with some great people! karmes72091 #mention ? @ Seneca Park Zoo #url",1
"Beer and dirtbikes with @MSchiferle",1
"Wtf is good. I wanna get drunk.",0
"What if no one comes to this party? Lol what a loser I will feel like. Well Ill feel like an even bigger loser",0
"Im at Marshall Street Bar &amp; Grill - #mention (Rochester, NY) w/ 3 others #url",1
"My parents just beat me in beer pong so theres that",1
"The fact I can use my real ID at the bar ???",0
"It feels so good to be sitting by a fire and finally being able to look at the stars #smores #winea?| #url",1
"Drunk meter at 71% at half time now about to drink at the house to fix my flat tire hahaha",1
"I think Im drunk",1
"Getting drunk for America. ?",1
"Some night require more alcohol than others. This is one of them.",1
"Lets take lots of pictures. #tipsy",1
"Kiss me Im shitfaced",1
"Tipsy",1
"I need to hit a bar in 30 seconds",0
"The struggle of having to act sober when your drunk and your dad comes downstairs to eat with you",1
"Good morning, my BBQ babes! Lemonade beer is yummy in the tummy!",1
"Omw to work wit a hangover ?. Kill me now ??",0
"Ice and beer! (@ Wades Market) #url",0
"#latergram popping bottles yesterday for kristenhutchings &amp; Mikes engagement! ?? @ Rochester, New York #url",0
"#mention cant wait to turn up tomorrow night ?",0
"#latergram Champagne on the deck. ??? pjcarroll8 @ Rochester, New York #url",1
"#mention one too many wine cooler shots? Hahahaha",1
"This mixed drink from last night is pure vodka. Not a great breakfast but itll do",1
"Its beer somewhere",0
"Burgers and beer today!! ???",1
"I should eat something but more than anything i just want a glass of wine.. But dont judge me",0
"Tannin on the boat with a water bottle martini, sound good to me????",1
"Mom bought a bottle of Patron.. Yeah fuck it I guess",1
"Beer time",1
"Hot dogs and alcohol. My Sunday afternoon",0
"Just went on a beer run got back in my car opened one and started drinking it like it was a normal drink #omfg #tooshot",1
"#mention #mention #mention Im saying this because I had a ballin drunk dream.",0
"Parents came by, grill is fired up and having a cocktail! #media",1
"Lots of yard work today! Clearing out the wild jungle!!  Thinking its about beer thirty",0
"Shot gunnin Busch ?",1
"Its not even 6 oclock and Im hammered what is life?",1
"Women I just dont understand . 5.8% a great session beer! - Drinking an Alchemy Ale @ Eye Hub - #url #photo",1
"My mom is convinced that I am an alcoholic",0
"Theres only one bottle.",1
"Sundays are good days to drink beer  #dogfishhead @ The Barking Gull #url",1
"I was plastered by 4pm so its a good night",1
"Too much beer not enough space",1
"Wine tasting with the Cardarellis",1
"Im at Whitney Wine and Whisk ( e ) y Society Satellite Location (Geneva, NY) #url",1
"Getting drunk again tonight ??",0
"Rats nest with rum. Heeheehee..pictures when I decided to get off my chair and get my phone. :P",1
"Dave I am on my way home to get fucked up",0
"I need a beer",0
"A Wegmans sub, cold beer, and a movie describes my Sunday night.",1
"In need of bud and liquor",0
"Once again a great beer - Drinking a Fleur de Houblon by #mention at @jryanspub1  a?\" #url",1
"Since when do my cheeks get red when Im drunk ?",1
"@drewmcbird: Who wants to party on the hill tonight and have a classic night?a??",0
"Testing the gluten waters with fireball whiskey ?",1
"Wasnt ready for home just yet. - Drinking an Abbey Ale by #mention @ World Of Beer  a?\" #url",1
"Wings, Reubens and beer. ..Love. (@ Flipside Restaurant) #url",1
"Holy shit, that is amazing, like a candy apple - Drinking  The Dudes Rug by #mention @ World Of Beer  a?\" #url",1
"I really drunk called Kenna ??",1
"LOL AT MOLLY And I WALKING HOME ALONE DRUNK",0
"\"I got your four basic food groups: Beans, bacon, whiskey, and lard!\" #atlantis #hilarious #Nostalgia",0
"Drinking a Traditional Lager by #mention at @hiexpress a?\" #url",1
"Colleen is a bad influence on me. by bad I mean she makes me stay in and watch movies instead of getting hammered #homebodies @csilvss",0
"Been drunk for 12 hours..",1
"Im drunk as fuck and got weirdly involved with some scumbag hockey fan. Whoops. Why I follow soccer.",1
"hammered and probably still wont sleep at all haha",1
"Worry bout yourself cause guess who else is there at the end of the day.. Ope no one just me n my wine ?",1
"Busy trying to explain fireball whiskey to Janet brb",1
"\"Yea you will drink way less when you graduate.\" \"I know, right?\" *as I chug a third of a bottle of vodka*",1
"My bed is upstairs, and thats like legit soo far from this comfy couch Im on, with my cat on my body,  with my fav beer, wat do?",1
"Holy fucking hangover",0
"@katie__baby_ box of tissues and lots of chocolate.. And wine. Wine will be needed.",0
"I wanna play kan jam and eat hot dogs and drink beer! #godblessamerica #thankyousoldiers #memorialday #beermeblazer",0
"My body hates me right now. Fuck liquor.",0
"I really be feeling like drinking a bottle Everytime this shit happens",0
"Im still drunk",1
"#mention alright lets meet in front of our works and party whoever is working #mention #mention",0
"Pom and vodka is so good to me but does me so dirty at the same time.",1
"\"#mention: Yo I was so drunk last night. Went to sleep at 5 woke back up at 8 for work\"spiddackedd ???",0
"Using this \"holiday\" to spend quality time w the fam while getting wasted off reisling okayy perf",1
"Getting hammered all day at kanakadea come up and drink with us bitches",1
"Got my country music and the grill now wheres the beer",0
"We wont ever look as good as we do now, so lets take another shot, drink another round",1
"I ask Cathy for cough syrup and she gives me a shot of blackberry brandy. Alright, I guess that works too.",1
"Dropped 90 bucks on beer burgers and hot dogs today #Merica",1
"Drinking a Georgia Peach Beer by @cbcraftbrewers @ Rose Eddies (porch) a?\" #url",1
"Thank god my hangover is gone ?",0
"Wine slushies today! (@ Swedish Hill Winery) #url",1
"The only beer on tap, naturally. @ Macs Drive In #url",1
"Drunk on the lake ??????",1
"Wine tasting #mdw #fingerlakes @ Seneca lake, NY #url",1
"My high school crush is at this party. My heart. My liver (Theresa made sangria)",1
"ready to get out of work, pour a glass of wine and enjoy the food my parents are cooking out",0
"#mention Vodka n Amp. Turn up to the next level?",1
"Oh damn youre all badasses ? #turnup #drunk #party #summer2k14 #noregrets ??",1
"Desert - Drinking an 2014 Stone Old Guardian Barley Wine by #mention @ Eye Hub  a?\" #url #photo",1
"if you arent drunk right now, you dont love america ??????",1
"Ending the day drinking beer and enjoying good company ?",1
"My Memorial Day toast to my brothers-in-arms. #wine #holiday #thefallen #iphone5s @ The Lodge at Marion #url",1
"I just wanna go to a park and eat sammiches and drink beer",0
"I got my toes in the water, ass in the sand not a worry in the world, a cold beer in my hand. Life isa?| #url",1
"12 percent alcohol homebrew.. Doesnt taste like 12 percent.. (Caution Heavy Hitter) #url #photo",1
"Seeing a friend off to the beginning of a new part of her life. (@ Singers Karaoke Club) #url",1
"Im not a beer drinker, but this summer shandy shit is good.",1
"Im outside drinking beer and listening to music alone which Im actually pretty content with ?",1
"Why am I drunk on a Monday lmfao",1
"What a fun night with fun new friends! And now, a glass of wine with the always lovely #mention ???",1
"Heavy on the booze and red, thats Ballast Point! Sea monster please! - Drinking a Tongue Buckler @ Paddys - #url #photo",1
"ok im drunk whats good",1
"Probably shouldnt be typing my English final half drunk?",1
"#mention corinne lets get drunk",0
"#mention idk me and B are drunk n bored?",1
"#mention I have every season.. Drunk marathon when school starts!!",0
"why am I drunk",1
"Im shit faced",1
"Passed out drunk at 9:30 and Ive been up since roughly 2:30 am so Im looking forward to a great sleep schedule this week",0
"I was really drunk last night , riding down Corning listening to sad songs",0
"Wow my parents piss me off. Like you dont go in my car and touch my shit and you sure as hell dont go in there and take my alcohol",0
"Holy hell I drank for every veteran ever yesterday. My hangover today should have its own memorial.",0
"#Friends, #Falls, #Trains, &amp; #Beers @ Genesee Brew House #url",1
"Cant believe its been six years already. Feels like just yesterday we were traveling the Country, playin shows and gettin hammered #JayCW",0
"#mention turn up tuesday ?",0
"Oh really?!  Dont mind if I do! #OneMoreForTheRoad @ Genesee Pub &amp; Alehouse #url",1
"So Im gonna sit right here on the edge of this pier, watch the sunset disappear &amp; drink a beer.",1
"Walls club mix/ sultan Good!!",1
"#mention: When you leave a party and youre still drunk #mediaa?? #mention #mention ???",1
"Enjoying my first official pint of this summers beer!.. (BASWA KA?lsch (a.k.a. Flat Tire KA?lsch)) #url",1
"Im at OCallaghans Pub - @ocallaghanpub (Rochester, NY) #url",1
"I feel drunk",1
"\"@Sassy_rozay: #mention get it poppin ! I would bring a bottle lol\" Im working on it . I dont have any friends .",0
"Good Belgian beer. Tastes great in a stein - Drinking a Leffe Blonde by Abbaye de Leffe @ Fuc*ed. Over.  a?\" #url",1
"Remedy for a long day in the studio glued to a computer chair? #sebikes #skylark #food #beera?| #url",1
"Nice tall glass of red wine ?",1
"Im at Johnnys Irish Pub (Rochester, NY) w/ 2 others #url",1
"- iWnaa Gt Drunk w. Malaysia ?",0
"throwback to when me and b got drunk off 4 lokos last night?",0
"I have a test in the morning.. And Im still getting drunk. ??",1
"Fucked up walkin around my house slower than a turtle.",1
"Im wasnt suppose to get this drunk? ..anyway doe",1
"Im getting drunk But Id much rather be somewhere with you",1
"This is the first time I took a sip of alcohol since summer of 2013",1
"6 days left of antibiotics and 8 days until I can chug 2 beers and be drunk #booyah",0
"Am I an alcoholic because I drink every night even though I dont want to? Technically, yes.",0
"i need drugs and alcohol before i blow my brains out",0
"ima little drunk and i need you now",1
"ATTENTION: No #mention, no wine tour dammit!!   That is all.  #topdog",0
"I dont think anyone hates me more in this world when im drunk than Christy does thats for sure lmao",0
"You aint a friend of me , I sip that Hennessy",0
"Champagne 6s ? &lt;&lt;&lt;&lt;",0
"Within 15 minutes of being at my new restaurant job, a 76-yr old at the bar buys me a drink #summer2014",1
"if I have to have dinner with my sisterinlaw, Im gonna walk my happy ass to the liquor store after work and get the biggest bottle of wine.",0
"Its 3 oclock and I still feel like Im drunk",0
"Get drunk and be somebody",0
"Anna W and I are meeting here @ 7 for dinner&amp;beer. Other #FNSA folks, join us then or after! #url",0
"Wings, beer, work.. (@ Village Tavern) #url",1
"About to look so snazzy for this wine tour Saturday",0
"@doogie2k beer liquer and ice cream blended together!",1
"Beer tastes like warm piss",1
"Bar hopping with Lisa.. Dont hate",1
"Being drunk and alone&lt;&lt; Im gonna be a lonely cat lady 4evez",1
"Very interesting. Complex flavor that almost changes sip by sip.. (Triple Goddess Ginger Kombucha Beer) #url",1
"Yoo Im fucked up right now ???",1
"Def getting shit faced tmrw night. Its much needed",0
"#mention Love you half-sister, youre the best ?? hope you have the greatest birthday ever! The big 2-0.. yall grow up so fast. Turn up?",0
"I hope them bitches did beat me up because if I wouldve beat they ass while I was drunk as a bitch that wouldve been crazy",0
"@DiceeDaGod boy after I got done fighting I saw you. So you saying I wasnt drunk?",0
"@919Prince: When that liquor hits you, you be like ?????#urla?? #mention ????",1
"time to head out for groc shopping, backyard party this weekend requires some prep.. later, tweeps ::poof::",0
"Gotta remember to take my heartburn meds .. bought sum cranberry lemonade to chase da Pinnacle Vodka n Bacardi wit! #lush",1
"Going to meet my dad at the bar before work..this should end well.",0
"@K_M_Wx2 @Bianca_Pitonzo katie get drunk with us",1
"Perks of being 21 this summer I can finally drink at the corporate challenge and get drunk while I work at taste of Syracuse",0
"operation get drunk and clean the apartment has commenced?",1
"#mention #mention always losing my red lipstick on a whiskey glass ???",0
"#mention: Why I didnt text you back.  ? i was actually busy. ? im ignoring you. ? i was drunk as fucka??",0
"Just drinking wine in my underroos and eating cheese and bread. I am a classy minx.",1
"Tonights conference entertainment:  an electronic band plays jazz fusion and kraftwerk covers.  Errmm, no. Heading in Ithaca for a beer.",0
"A wonderful beer to wash the taste of road trip with the kids out of my mouth.. (Invasion Pale Ale) #url",1
"Music wine and packingg ? ???",1
"Julias mom tells us that were cut off.. Then she goes to the store and buys us more beer ????????",1
"Enjoying some nice cold beer and watching The Last Song ???",1
"#mention were already trashed so hurry???",1
"Beer me",1
"@mattyb195: I guess vodka and Shane are my only friends ..a?? Smd everyone",0
"#someskaband and a beer. (@ Sticky Lips BBQ Juke Joint w/ #mention) #url",1
"I almost had an \" I need a guy \" moment, but than I was able to get the vodka open. ?",1
"Drinking a Black Currant Amber by Abandon Brewing Company @ Johnnys Irish Pub a?\" #url",1
"Drinking a Peppercorn Saison by Abandon Brewing Company @ Johnnys Irish Pub a?\" #url",1
"#mention not all of the Belgian brew tour beers are available at #mention yet, any word on when theyll be available? #wob #brewtour",0
"Hah fucked up but I got home safe !! ???",1
"BRUH COOKING WHILE YOURE DRUNK IS THE HARDEST SHIT ON THE FUCKING PLANET",1
"#mention lol staawwpp. I know I was fucked up, but I remember you twerking by the pool",0
"\"#mention: FL wineries add beer to lure more customers #url #ROC\"~ Here you go #mention!!",0
"I need more money so I can get tattoos and buy shoes and drink more booze",0
"Hot dogs and beer ?",1
"Whats getting me through this Friday? Knowing wine, fancy cheese, and a XMen marathon waits for me. #andacuteboy",0
"I cant wait to drink endless amounts of wine tomorrow too excited",0
"@alfasyracuse ALFA bar &amp; dining room / #url Now this is what I call #sundayfunday #media",1
"Beer and gardening.",1
"I call my dad and the first thing he says is \"I bought ya girls a bottle of gin for the weekend\"? He knows us to well!",0
"I wish the drinking age was lowered. So that i could drink alcohol in school without getting into troubles.???????",0
"And Ive drunk that Ive drunk this Ive spewed up on a pint of piss.. So what?! So what?! #beerandgardening #Metallica",1
"#TGIF #happyhour #eastwood @ Chadwicks Sports Bar &amp; Grill #url",1
"Its in my left hand as well. Great beer ! Perfect for grilling out!.. (400 Pound Monkey) #url #photo",1
"Im feelin some type of way the guy at the liquor store denied me ? mf always sells me shit",0
"Genny brew house ??",1
"Drinking a Mutt Double IPA by Rogers Beer Company  @ Newtown Battlefield a?\" #url",1
"Hahaha Im drunk with my dad",1
"Drinking a Saison Diego by #mention @ Beer Garden at Dragon Bar a?\" #url",1
"Feulin up on cocaine &amp; whiskey",1
"Good book, good snacks and a ice cold beer. My day is getting better. #media",1
"Who ready to turn the fuck up tonight?? Boutta be a fuckin party yo",0
"Drinking an Aprihop by #mention @ Beer Garden at Dragon Bar a?\" #url",1
"I love a girl that drink as much booze as me",0
"Cant drink this bc all I think of is grape vodka soda.. ? @iTzShAnn0Nb3tCh #media",1
"Cold glass of whiskey and a beautiful day ? #media",1
"At the first tap of Lucifers Falls, a beer brewed especially for the Cayuga Trails 50 Nat.. #url",1
"#mention no sir Im going on a wine tour!!",0
"I hate drinking ! But ima get drunk tonight !!",1
"I plan to be hammered within the next two hours",0
"#tappas #beer - Drinking a Summerfest (2014) by #mention at #mention  a?\" #url",1
"Sorelle #love #dinner #summer14 @ The Bayside Pub #url",1
"Xander is drunk why arent i",1
"Friday happy hour with Tiffany and Laura! @ Lacis Tapas Bar #url",1
"No power at the drive in. A couple guys pulled some kegs out. This party is bump in. Come hang out everyone!",1
"Tonight is the reason alcohol exists. ?",1
"Guys vodka does NOT cure a sore throat ?",1
"Tastes like Summer. - Drinking a Saranac  Prism by @saranacbrewery @ Eddie OBriens Grille &amp; Bar  a?\" #url",1
"Ahh my hair smelled really good but now it smells like beer",1
"Say yes to the dress and wine #girlsnight #relax #simplicity",1
"Im at Magpie Irish Pub w/ @mynameisraph #url",1
"@_PapiiChulo_ you got dusted? hittin the bottle straight was impressive tho",0
"Drinking  The Boxer by Rogers Beer Company  @ Rose Eddies a?\" #url",1
"@bbrownss LMFAO fuck im too drunk for this ?",0
"Im at 140 Alex Bar &amp; Grill (Rochester, NY) #url",1
"buzzed from wine ?",1
"#mention it was splendid, there were mad parties on the beach with people I didnt even know but they were so nice and I got free beer",0
"Swedish fish shot, random gross shot joe bought, then breakfast shot #whoa #allatonce",1
"Last call @ Half Penny Pub #url",1
"I was so fuckin drunk last night",0
"I smell like cigarettes and tequila. #Help",1
"Im such a nut job when Im drunk like my apologies if I blew you up last night and was annoying??",0
"Can we just talk about the fact that I lost my phone lastnight and was so drunk an hour later I had to sit down n my phone was where I sat?",0
"#mention #mention tell me about it. Worse than giving up alcohol or caffeine when prego. Not having the Wag my last 2 wks",0
"#mention: Need food cant move body still drunk ?a?? ?",1
"I guess the good thing is I didnt spend any money last night but I still have no idea how I got as drunk as I was",0
"I wanna get drunk on a beach after work.",0
"Turns out e-cigarette = way less hangover. I feel great! Now someone get #mention  out of bed!",0
"Wine tasting around Seneca ?",1
"Back that ass up wine go down",1
"So who wants to get drunk as fuck &amp; eat pizza today?",0
"i need a beer, and some sleep",0
"Drinking a Hoot Beer by Birdland @ Birdland Brewing Co a?\" #url",1
"Last night when I was drunk I told Zach that he had to look through my phone so I knew he loved being with me. Lmao wut",0
"This beer is tasty. #media",1
"Currently sitting In the park and watching two dudes fly a drone around. Reminds of the days before I discovered girls and booze.",0
"@DIYDrinkx: Chocolate covered strawberry shot glasses ?? #urla?? #mention ???",1
"Drinking a Honey Whole Wheat by SplitRock Brew Pub @ First Arena a?\" #url",1
"Drinking an India Pale Ale by SplitRock Brew Pub @ Splitrock Brew Pub at First Arena a?\" #url",1
"I always wondered why men liked beer so much but now I understand that having nagging, old women around you 24/7 makes me want to drink too?",0
"Calling Meem to get me some wine.",0
"Much better on draught than in bottle - Drinking a Swing Session Saison by #mention @ The 112  a?\" #url",1
"Having a beer with a co-worker.",1
"Chasin my beer with bubble gun",1
"Beer in a mason jar?! Yes please! #happybirthdaytome #100happydays #day20 #ilovethisbar @ Toby Keithsa?| #url",1
"Kayaking and drinking beer with my love, couldnt have had a much better day so far, but we also got all night! ?",1
"Im at The Genesee Brew House - @geneseebrewery (Rochester, NY) w/ 5 others #url",1
"#mention lmao u drunk but me too scrappy",0
"More drinks (@ Route 78 Pub w/ @jyolevich) #url",1
"Drinking a Syracuse Pale Ale by Middle Ages Brewing @ Colemans Authentic Irish Pub a?\" #url",1
"You &amp; tequila make me crazy",0
"The guy at the liquor store just promoted me drinking.. ??",0
"Maybe tonight Ill call ya, after my blood turns into alcohol",0
"4th wine slushy in 10 min ?? I fuxx with my work #media",1
"Cant wait until Im old enough to get into the beer tent at the carni ?",0
"What a fucking night in the kitchen almost done. Its a liquor night now",1
"This wine is terrible #mention",1
"can yall slow down with the spanish when Im drunk?",1
"Always so good!! - Drinking a Jesters Nectar by Middle Ages Brewing @ World of Beer  a?\" #url #photo",1
"Smooth and light. Almost creamy!! - Drinking an Empire Cream Ale by #mention @ World of Beer  a?\" #url",1
"Brought my mom a beer and took a sip first. She knew I drank some because she \"can see right thru me\" Now Im nervous what else she knows?",1
"Smooth goodness!! - Drinking a Nitro Oatmeal Stout by #mention @ World of Beer  a?\" #url #photo",1
"going out getting drunk every weekend just isnt fun for me anymore",0
